0.2661985445911852,0.009112815606642274,0.25629808096212886,0
0.269864664607217,0.028466432513337987,0.24076608681366982,0
0.2769139944853764,0.033733739244386385,0.2305966240086865,0
0.423415249855631,0.030178488610673584,0.2877559226502532,0
0.24164271132010895,0.031247513285974055,0.11676390904438547,0
0.44087910743617637,0.021737038285247434,0.11757857284411956,0
0.03895578201847068,0.007289082124452993,0.03525765545335442,0
0.046902726877235644,0.010268398406443576,0.0403452530054954,0
0.04571090451337849,0.009639795694227111,0.039670306871914404,0
0.053304448304191,0.01296385297728542,0.04384773909580957,0
0.30995605567343754,0.03713093253556296,0.22785436242072218,0
0.03882433252072998,0.007155056580044132,0.03506166067061247,0
0.1993562916085542,0.02297515210886462,0.17465174835131694,0
0.19981346679054549,0.047575588633785,0.04863097860646618,0
0.348709910678084,0.019731746077147914,0.18461802070085956,0
0.33692612326105503,0.02083313045552381,0.183346857250856,0
0.4467571465104345,0.026140496673010414,0.28798730741387274,0
0.3876799609993452,0.03651066769899996,0.320680866407369,0
0.2604325955176171,0.020135773291342265,0.10773966763892753,0
0.13393658198285485,0.027429047492901957,0.06798187250552835,0
0.8879553301102053,0.03150616587627782,0.8242452386044856,0
0.23947460508146276,0.017536450735234778,0.2238617008510315,0
0.2667135601415465,0.019021376347895008,0.24709211474897236,0
0.3064301441262367,0.037981402657574666,0.23763706493177575,0
0.23930424933793806,0.04010800105623074,0.14362765252931997,0
0.20092161950286364,0.017342891213183956,0.06703118680824077,0
0.4441678464296562,0.01114071207350068,0.2862536392729975,0
0.3263150556944851,0.03473427957371093,0.21133201749887748,0
0.43824883533495884,0.03229900743021408,0.3189703588445837,0
0.5945806553922968,0.17858782301239445,0.08591501353555875,0
0.29692654465089363,0.04160813663219329,0.2421776393131858,0
0.26514291564549547,0.028240975606642783,0.2442826982410279,0
0.04410895178950224,0.009175587119863797,0.038610958595637415,0
0.4297237151087551,0.015263063105127072,0.29583081643107656,0
0.048365319267862875,0.010865600544676793,0.0412107427280256,0
0.29514219942658915,0.036593235758972865,0.24067798835970672,0
0.03932714401426943,0.007437730701674254,0.035490522534262596,0
0.3119950555479551,0.04314242365702553,0.2448128011052584,0
0.2706632774313726,0.02339544068055543,0.24865744719601648,0
0.2660998968834384,0.01025123670909533,0.25420273983361047,0
0.26560124520334705,0.0140656581973956,0.2524759327207634,0
0.2793565169552809,0.027720251982256517,0.23418529491370899,0
0.2825095846612292,0.032672400980094364,0.2315718148824626,0
0.5127170645944479,0.2091321356690948,0.023689872093853176,0
0.25779079392176046,0.02728833494276132,0.1074904481247969,0
0.2746863681933921,0.026368867681777475,0.24770475076380072,0
0.28014692994235874,0.02899165110894217,0.2355715566651757,0
0.2663122252418503,0.04780744702248628,0.12978647427904685,0
1.4939701231806464,0.03805000145267427,1.3697153452481272,0
0.9596041517552594,0.030955069998536526,0.4155932996008503,0
0.6443621347729376,0.24920186712978395,0.1985889667038359,0
0.55908388225659,0.14392939660946538,0.14645010992741336,0
0.9476556139949516,0.0982884365938815,0.3201450666356102,0
0.5149725137292361,0.18060227462317463,0.19782956978246136,0
0.46090213229157634,0.08885171865876983,0.15538018455656638,0
0.6454091949569912,0.1635060357324005,0.09688952009138296,0
0.9984901155127834,0.2217832078076388,0.2155760478913905,0
0.7318692852918836,0.060721611418059,0.16669243557805252,0
0.7715040643200706,0.049675979879393234,0.15724172646702037,0
0.5559751994955615,0.08008082505315578,0.05165773323017384,0
0.6028307454763178,0.23353339866555284,0.09147303829426148,0
0.66781745792583,0.10454656414563458,0.11938389013493171,0
0.4869159006491854,0.18461396789901574,0.1005771547935638,0
0.5413181740448714,0.21613489771247027,0.20420277626443478,0
0.6735314847147313,0.14016573253795875,0.3576083326348744,0
0.67179397590569,0.04013817651419243,0.1123094988083401,0
0.6819350283872586,0.1026143257395092,0.15036898226252696,0
0.6770038859436996,0.2279744795301008,0.08738830380894508,0
0.7443861668073123,0.04951232737530978,0.1407256330962464,0
0.545773393094314,0.12622326245345197,0.2844071742003313,0
0.7009972969480522,0.20812834954116136,0.07724319435986918,0
0.7855013746108048,0.09004725103807533,0.20575778304089423,0
0.819525208521853,0.18209938393910385,0.1514676937895921,0
0.5833065680484469,0.16408731413958658,0.18096630985526413,0
2.5939294929241714,0.21391200630531013,2.159005798417029,0
0.16613158619601182,0.01722916299446506,0.16131200733775977,0
0.2717866023572589,0.04514519187114609,0.2506332917454149,0
0.14188146644730767,0.012673365031742462,0.13880619219817306,0
0.2681174889102068,3.3229492057484296e-07,0.26811748887183867,0
0.06086715116076684,1.543638206876059e-07,0.06086715115720751,0
0.30444793788489866,8.924112249495577e-08,0.30444793788473773,0
0.21869533712186914,5.13371103433053e-07,0.21869533699802024,0
0.11122505244342802,4.537158840059566e-07,0.11122505238147566,0
0.29648173964300895,0.052540205386489694,0.2695988514415037,0
0.11180436510429745,0.007652966832871978,0.11032149747644612,0
0.28145059405836553,0.04816295492905954,0.25818521539875383,0
0.1208834680878315,0.008438799470006897,0.11927607450809653,0
0.2872136443128081,4.908305882851033e-07,0.2872136442461019,0
0.13426533467666257,0.027264200889176353,0.11023919266255633,0
0.9317125731132502,0.21995801608062163,0.4249333187728838,0
0.1285176427098524,5.117032372653333e-07,0.1285176426646831,0
0.3540970497659486,0.07409096515132356,0.30902454362485143,0
0.509836251692089,0.061135494279192945,0.4409049893983109,0
0.12283493396624509,0.009339448235042212,0.1209604851416577,0
0.4181776886144745,0.07123244329525602,0.35436454468622774,0
0.17795924171525598,1.7024921644374862e-07,0.17795924171290414,0
0.7439648743855027,0.16795691537239008,0.5765606510620914,0
0.07507454242820334,0.012410921294873879,0.06825706282183153,0
1.5349357840265678,0.2106995170911743,0.7379439413302087,0
0.38886055345945275,0.08787716215175628,0.32988008149169745,0
1.2430141109716442,0.08989611265680153,0.40935743836327976,0
0.1959313135776163,2.692859494146913e-07,0.1959313135739631,0
0.3169833473841144,4.2381153664850917e-07,0.3169833472690097,0
1.2431032372938344,0.43867615366670737,0.7298699644140423,0
0.3645732471347766,0.07784672138851711,0.31571014367453254,0
0.40692151217803546,0.09535212409217755,0.33995906249387875,0
1.3708578168352694,0.06513601711832481,0.6344186877427144,0
0.21480938394097432,2.934531722010878e-07,0.21480938393687832,0
0.3440357215400629,5.024179299264147e-07,0.3440357214378509,0
1.7589394469525224,0.33458284828385565,0.5602670376213439,0
0.44843327306627634,0.11354733754481065,0.3598159010972161,0
0.345107606874668,7.795386272476335e-07,0.34510760680888436,0
0.2847735761462707,3.2326376686665e-07,0.2847735761448388,0
0.8447597113697376,0.22499224574132173,0.7052264584379162,0
0.3894288753159957,0.08802748612659596,0.3310939460983391,0
0.6584436544773843,0.1674444773735448,0.5310630592236019,0
1.14045156503617,0.12387503222103716,0.47397953193488396,0
0.27415646533193844,2.628795284019635e-07,0.27415646533065374,0
0.8437875547310847,0.23028998481177204,0.6997892573346506,0
1.7105312369170105,0.18252274551453473,0.7498313523087389,0
0.4588297811066637,0.11839106837269071,0.3638784299566734,0
0.35325144224810184,0.025233396885431237,0.33375680775126715,0
0.29175201219193403,1.2984169912615664e-07,0.29175201219107977,0
0.34212824531381936,6.81788259949116e-07,0.34212824521924745,0
1.5636380755571062,0.1570020861806217,0.7194048934441221,0
0.6572080096235897,0.16925760394228773,0.5261950467404023,0
0.3481170496173063,5.772095848616018e-07,0.3481170495655059,0
0.2958322854158377,2.1074309439905206e-07,0.2958322854141394,0
0.33341970453289477,7.200287316763451e-07,0.33341970444916263,0
1.442182942813848,0.23562758068212145,0.4056889420207463,0
0.6149333919115747,0.14331280550753658,0.512532216761518,0
0.3486174927084568,0.026568337242344187,0.32925305999992716,0
0.34470105586829114,2.1034935888700224e-07,0.34470105586769867,0
0.31924104963678074,7.593630210075052e-07,0.31924104946494536,0
1.6190202573808437,0.28606658932072565,0.5563745218099608,0
0.6234866570449457,0.14785070926058752,0.5181891118531231,0
1.343273769679449,0.06067251883118391,0.655382420738027,0
0.32111879807885724,3.93630421615753e-07,0.3211187980768529,0
0.30618145755564574,5.2204536284796e-07,0.30618145750615694,0
1.664720604351334,0.3068755872039621,0.6483540044634551,0
0.6182572845095022,0.14768243054387592,0.5144578658908824,0
1.2327885664654874,0.10212958262457357,0.5930422620625313,0
0.9690307454140599,0.24618347688122946,0.5218920259924008,0
1.2986641827430605,0.33195573374553494,0.8136772945920392,0
0.2625432668790731,0.041553875273215295,0.24392647231267595,0
0.6335598937837247,0.15572989343480936,0.5206104883345475,0
1.2529699483015575,0.1348373199802134,0.6029476711582457,0
0.9682768159135812,0.2407279027378828,0.5273625552788993,0
1.3715978321899296,0.32951954644726894,0.8608346925078463,0
0.23701770474547162,0.034228219360614466,0.22351898541450813,0
0.683776771266507,0.13292191272609738,0.5080033407984507,0
1.4097824280608455,0.10860242752331396,0.7318621601955307,0
0.8166222823443368,0.16906896475058766,0.524530269359115,0
0.3632746894894315,3.031624735686021e-07,0.36327468948837977,0
0.29355369055839187,0.05147195737483823,0.2678483733915984,0
0.7363422161386934,0.15735967023746741,0.5170780767865966,0
1.0874906657887717,0.1635325499205885,0.3954740326583527,0
0.8575955607840122,0.17538279344074117,0.5353003610855128,0
1.075663003419963,0.31885007534418247,0.6705751344434768,0
0.2649881004618722,0.0424455532632135,0.24614847409642984,0
0.7366774110329358,0.14025904412356804,0.5103399026682529,0
1.2599335153878284,0.1181482538918776,0.6324935028969358,0
0.9419545358148906,0.2305719562323379,0.5279064900015705,0
1.8765221931349536,0.23113635175435884,1.1224293168162687,0
0.10308022087018184,0.006893094583057129,0.10188900525129356,0
0.38507817508443376,0.08583407980400155,0.3274637219535101,0
1.0291515155589723,0.08650147632018604,0.7859467695447615,0
0.35240610512411563,0.07318185480235971,0.30769687515816124,0
0.3655995904292446,0.07853520406141837,0.3162144411701253,0
0.12811428381625134,0.010440972754541424,0.12598124860847693,0
0.24475160611484725,0.03646904137767767,0.2293714485900364,0
0.31284915793784707,0.058331287688207625,0.2816773049755607,0
0.16020750693956332,0.015388550751428316,0.1563383962418696,0
0.3288816404734913,0.06393472591445343,0.29249027207281364,0
0.6262922945187839,0.09377295255721001,0.4908945684479477,0
0.40523683932332843,0.09444980687091574,0.33933009642476114,0
0.3837136486569268,0.08584151765555834,0.32751007561303846,0
0.9910072520780175,0.01787093837998667,0.6146397482313875,0
0.3886142600998455,0.08742621296117493,0.32960461730552926,0
0.4128056987273047,0.09742657835589488,0.34297477185156416,0
0.4307573827032497,0.10600218319632526,0.3514039579039727,0
0.1598784093831897,0.016014041356065968,0.15589194798489545,0
1.2993400038506677,0.24143959211483035,0.5790559225683174,0
0.4110160284112913,0.0971394989867272,0.34222380663159957,0
1.1856958570169271,0.22403630213569242,0.4267702754724598,0
0.36391474286268066,0.07797899753959121,0.31522503611564134,0
1.2833743414643743,0.09560603041012879,0.5772611908891153,0
0.6566650966008235,0.1662152743288519,0.5306455982736217,0
1.0354751614188258,0.1121667944052794,0.40361427487736956,0
0.36416406323806655,0.07740420187288737,0.31604821156439245,0
1.6899406174340654,0.6890481888553068,0.19409345811794745,0
0.3848796404093956,0.08629100371854281,0.3277019159451768,0
0.5084141741000688,0.07982865555319228,0.47166527253216256,0
0.3997971604115685,0.09240303016668804,0.3366745127386277,0
0.3243421101353978,0.06223747399428685,0.2894642565156374,0
1.430730728487199,0.12726939067152415,0.6773174116284798,0
0.37930431301429407,0.08358560541598037,0.32459137956976625,0
1.1282953299553224,0.0737655942566495,0.42030220857468936,0
0.5604319290931085,0.1111068347614028,0.494577386288184,0
1.3831391168894562,0.12138409596031259,0.6775874308326693,0
0.3703910701780424,0.08048368700901166,0.3195008247865386,0
0.7729460863155516,0.028350824977360037,0.42199596203619405,0
0.377495026666638,0.08271165998811655,0.3237588743867368,0
0.439403596088395,0.10974766249581057,0.3553420600211767,0
1.6067739457712094,0.3090212786518345,0.04957456922431497,0
0.5331259336352074,0.1615881388565639,0.4023927301382932,0
1.310028493494709,0.22268913229621098,0.608882997357539,0
0.606450144811295,0.16481521158481327,0.4241990774940126,0
1.2838254439144887,0.08312244585628695,0.5937521478557871,0
0.5485856588605931,0.08571526270798216,0.47938113735609955,0
1.0765224423759396,0.1124704151554669,0.4086054318364973,0
0.6870408982367383,0.18749039789044347,0.5296972828247682,0
0.3413211128818506,0.06843323075298142,0.30176516513980656,0
0.3626805616637202,0.07736100398009,0.3144658886182007,0
0.9867942196033745,0.16730539680902176,0.23575494515130316,0
0.4409823769046931,0.11021534459991598,0.35630427676922544,0
0.16535496625048934,0.016516680114069728,0.16081713703365447,0
0.3813839183405134,0.08451949113499364,0.32552818134296513,0
0.37142308838256605,0.08055162986478331,0.3201388120776438,0
1.0929440147448959,0.2395596510437859,0.4261477223948289,0
0.525142045738251,0.1027521624779122,0.42522385777501936,0
1.1010987311055234,0.05934332332536156,0.4382140005348998,0
0.5375417178912595,0.09137227153733007,0.48259786122648357,0
1.2340282123893305,0.12417983863169858,0.4761776769957252,0
0.7145496202931984,0.20116733272702994,0.5376280942956057,0
0.49385808058186875,0.07712575252997281,0.4599846676481858,0
0.33255621749177255,0.06521411923311234,0.2953262986364971,0
0.8276101985870571,0.35719486290118563,0.042908331446774854,0
0.9436219107688394,0.06398232987665131,0.23589927406910585,0
0.5218170450343008,0.15637440415872442,0.3973816459436378,0
1.3387099981995725,0.19403867982890075,0.6710047118289093,0
0.7146935642835887,0.22641753051089403,0.43143893121410637,0
1.0955361300182045,0.08350184661908354,0.39995291973428526,0
0.5312873021065736,0.0921233798498333,0.4774414813268135,0
1.2604224881308057,0.10702747218570807,0.5760306961492663,0
0.7184845822755612,0.20142108565209407,0.5410450142239172,0
0.2204036466512428,0.030122249877005076,0.209701496398,0
0.3574124137094466,0.07472177634343494,0.311742296940434,0
0.4022999896038805,0.09346873996017485,0.3372725964207021,0
0.4359998101520858,0.10752300470795567,0.35495668697394356,0
0.14159369123707058,0.012012314397055988,0.13871434509680317,0
1.1052449695497044,0.3067536449719308,0.5000235717733704,0
0.7417484532294356,0.2613075795482205,0.43429277082303624,0
1.3615407437874716,0.10976530635930382,0.6890892781246322,0
0.5248033341455641,0.07020485105871897,0.4643996950876836,0
1.4515981047790485,0.07758382554227092,0.6618099083417474,0
0.6568187067184689,0.16901605824142182,0.526816849462926,0
1.1471654582103739,0.04707111048286862,0.6022785599476016,0
0.36747932866149924,0.07896541694425199,0.3179793865512792,0
1.6226540223127248,0.6767461081698412,0.13671011215212367,0
0.1314374494847641,0.033672804281278806,0.10087614826537533,1
0.12129521938078405,0.030168212428516434,0.09514770840342011,1
0.11463233007036874,0.0212945021495975,0.10190994413861577,1
0.14818537834947346,0.02889296540473012,0.12897123918145667,1
0.31475381183769335,0.09431574504613253,0.22104740662526653,1
0.11883269177068102,0.0223124677717549,0.10551068860536679,1
0.2977984506173249,0.06872226350443601,0.13467915734894947,1
0.09915381092617273,0.018287157064789405,0.09120516690915098,1
0.13866989526496265,0.03609421146059059,0.1054215107965264,1
0.1274325261120927,0.031834537683282135,0.09988588965761772,1
0.14018420394374967,0.03678262163451262,0.10656494157350953,1
0.11824676869817885,0.02297721370082504,0.10502504260002084,1
0.14690713735531738,0.029955504984689244,0.12673945299297426,1
0.320466297590851,0.09383549464007679,0.22786417480401244,1
0.16892461312241633,0.040378472862910776,0.1355545454160153,1
0.13619802085857013,0.027188715102047813,0.11877707123704415,1
0.08825796678637093,0.01522474063091345,0.08251298835076483,1
0.12388982358281919,0.03028121745220538,0.0990674333561165,1
0.12133033674573979,0.028085772801271724,0.1030836756609614,1
0.11106461970837796,0.03021916570072229,0.08727583709284126,1
0.10917819474099413,0.02820217974616596,0.08628750263228473,1
0.13327828592996022,0.035424788045124875,0.10169032532634864,1
0.1144466887587963,0.0271104467455412,0.08979648430486001,1
0.12093556111958884,0.024345508216810183,0.10718112925901549,1
0.13261431593967798,0.033388203440895714,0.10416983867420178,1
0.16886286027272407,0.047960887398502176,0.12898122408949655,1
0.11457987492774392,0.018638601699528665,0.10264059979933929,1
0.14019174902297216,0.02858692421690686,0.12155716034020102,1
0.1210061925059164,0.02323235940280731,0.1070345561911954,1
1.2196897243279077,0.09279565025864633,1.0154427395368615,1
0.3074933155505398,0.09543967377753473,0.16978352662342075,1
0.1319240233678179,0.03388511460220376,0.10242137825238544,1
0.13196049442869986,0.03346813734931899,0.10110821754929182,1
0.16461871995323707,0.04020949852795046,0.12900039141661968,1
0.12267242792003609,0.030051350412929317,0.09868977687770997,1
0.08959187366695674,0.016194896252754883,0.0834136811906138,1
0.15244523650510242,0.030436305693539365,0.13133866270683003,1
0.1682679469128089,0.04112979547634191,0.13445473948378747,1
0.1544453651317715,0.04257744867777729,0.11558616795882207,1
0.08327082857913731,0.01480450446642725,0.07768850387897369,1
0.10636717860169552,0.02630103130747454,0.08398017617625375,1
0.13114709282043066,0.03568888600424924,0.10035848228236836,1
0.11230568808730018,0.02739375799412316,0.0883391260927214,1
0.10388362123533215,0.028049527419150386,0.08368419097302938,1
0.12997189354521602,0.028380604341660492,0.11091977372878245,1
0.14348464633912691,0.03571571184849369,0.11322932987727805,1
0.32712447626342483,0.08519038851959748,0.22669588312524347,1
0.13906812442145502,0.027673280505358486,0.12154118653047824,1
0.38458737381314756,0.09800069251094572,0.1589535634289967,1
0.09783040663699884,0.017804184873736684,0.09074210597095968,1
0.10724606190099728,0.026934197914684415,0.0856098082271514,1
0.1146381011854567,0.030450463396122437,0.08967954423663435,1
0.09562844731201728,0.016088210909578446,0.08769754945675863,1
0.13551905575774237,0.0348198602389233,0.10337622414504023,1
0.16122482694137283,0.0458019576557362,0.11738135750033167,1
0.12101019666200323,0.029642176814603804,0.09581744782166168,1
0.08581836263610203,0.014957530993093824,0.08011765672268827,1
0.14776206267867453,0.029169209952097905,0.12762882274145135,1
0.16994782901657088,0.04156389362794062,0.13603648601060006,1
0.13509543387845982,0.027313153358980727,0.11780575821332331,1
0.07163068830704201,0.012570445305316561,0.06695432596844211,1
0.12720246706642357,0.03308721526869172,0.09688045144120083,1
0.12096476168198646,0.029353782723304595,0.09584987734934715,1
0.13485714570783128,0.034505929116294284,0.10378146280515209,1
0.08471739198104762,0.01997431901145754,0.07393236426543995,1
0.15140762448155484,0.041075925430546605,0.11390110069188823,1
0.10268696883317412,0.019598302941296622,0.09378952462193015,1
0.34895603332293745,0.08992005322108158,0.23730269791458525,1
0.18444866286461545,0.048709481235415075,0.13016630459483777,1
0.12394804990681557,0.02453186133481738,0.10881119734324445,1
0.451088668017151,0.04079538739432456,0.13302747128234305,1
0.09806743690589362,0.01734725150451249,0.09066550178794501,1
0.11139164630030501,0.02881399742406191,0.08788264854842455,1
0.1143723947943538,0.03026561215237796,0.08997771844738683,1
0.12684601530019618,0.03185109084167905,0.09770323264791599,1
0.14470474412770387,0.04541079586829821,0.09857134852456344,1
0.07923308347182934,0.014085008573786377,0.07393575641377438,1
0.14431606300021654,0.028664479383485257,0.12486072599814688,1
0.16195303015308113,0.03814566393598755,0.13189145683906509,1
0.13686763075104047,0.026908939732332132,0.11928429053366195,1
0.08047695463967183,0.014180129593279864,0.07514278738537987,1
0.1800628434619793,0.055035056505086534,0.12441357047257975,1
0.13630824593011073,0.035310562127034394,0.1038859131823829,1
0.08405847155395724,0.01931741662301442,0.07431031920314915,1
0.31371358402505556,0.05594432836183883,0.2633919128623702,1
0.35248136880599973,0.07766224919800094,0.23150404901460966,1
0.33543678337931454,0.0837476583446544,0.2225292576620373,1
0.300934300355186,0.07684158807531755,0.24034462391594183,1
0.313382907055456,0.06273095529088467,0.2361743877438564,1
0.09652018184237925,0.02418137296679346,0.07876776997602086,1
0.10249823225209245,0.022637755777650693,0.08233303655607462,1
0.1636790419804201,0.016225238334727915,0.14711875125041873,1
0.5490940641787121,0.07903563363570353,0.22809568297685381,1
0.1003565982410866,0.02107803733337235,0.08831411541567377,1
0.3343981178896853,0.0752071279718918,0.24020352241955126,1
0.11462162231451858,0.016732348293838618,0.10879577387920852,1
0.16206417263941084,0.03981000654902374,0.13351404477193463,1
0.46745043460832875,0.0668660408452413,0.2020655054294794,1
0.19781529066267553,0.08859465205816482,0.031372387524508806,1
0.28647726895450715,0.05116143799737584,0.22589933049153724,1
0.24275755818536815,0.043100665916370844,0.2056283225680097,1
0.35268248735909297,0.05576625300358047,0.25552517128686286,1
0.29629646885670213,0.07216110896538269,0.20875975076843323,1
0.1334486831386828,0.025915003518290507,0.11965163306306018,1
0.36063048352659655,0.0797725743737221,0.23612544126310658,1
0.11439296481684715,0.030250197149098008,0.08966200058090255,1
0.1195783242581001,0.02965993671344607,0.09447715678464791,1
0.10267411290284206,0.02767999937648095,0.0842310332653496,1
0.10126927172357693,0.02772167234286713,0.08323589992491703,1
0.1372543381031575,0.028038602025200303,0.12044379634391197,1
0.10553971217302086,0.02050434469585815,0.0946743807973383,1
0.328487550109017,0.08774294414470513,0.21084962056168746,1
0.12028226716930072,0.021008983509986208,0.10996321663937617,1
0.10693112419819696,0.018674227891332003,0.09789072952747209,1
0.6183887748452227,0.03910975789908836,0.2621706903889308,1
0.3734061780046656,0.04594787941546823,0.0690616385099232,1
0.5512085730782423,0.09041972204699555,0.2101662172690632,1
0.4115911844362014,0.09671037900434609,0.1664729909399894,1
0.4815661357384437,0.07530964529942918,0.2977574773716581,1
0.30299985756447545,0.10082785758609669,0.1345754337287394,1
0.27378927187526386,0.04578027098396552,0.20668013433585392,1
0.14989022394482054,0.046699838573339,0.10689238169995711,1
0.10830203266306392,0.028517283015838734,0.08568456151004038,1
0.11349696693567976,0.027810227795138295,0.08833242287736617,1
0.10968341182283062,0.02900953661551147,0.08768165802136567,1
0.12919622355482852,0.02614064378081776,0.11418888204707368,1
0.10289202108922056,0.02334329207031461,0.08583602627551655,1
0.17996052470304924,0.06225579572063953,0.12176048295973131,1
0.1032756606012018,0.016547994709941994,0.09355899473638356,1
0.30585738413701186,0.0896829761448617,0.2171351263104765,1
0.14118485615994372,0.027739595490137933,0.1237463666935175,1
0.13590455697698367,0.025378899676199284,0.11917623956748921,1
0.34178633474786,0.08176366415888577,0.052970113560698556,1
0.32089624239362535,0.028131474460861998,0.11988120499879601,1
0.2803288988200393,0.047015281040958236,0.22341454304702976,1
0.30119654857471717,0.07027052745511438,0.21595071096194499,1
0.3278854104552364,0.05686672193584339,0.23080744671310094,1
0.2904584653541759,0.07427487002267491,0.22348899429047742,1
0.16660206343092465,0.03876791259622062,0.13594182196929416,1
0.12287035642609351,0.027547176954419522,0.10642364114693967,1
0.6181981171679105,0.029100357317277663,0.23391446414163847,1
0.5265186047563517,0.030102065596389536,0.34944644336282943,1
0.2820743836592049,0.06031678652904654,0.20685340737240163,1
0.11743189072734508,0.02395185718796019,0.10496076085145095,1
0.12146917492975205,0.02240771306544777,0.10790253334779375,1
0.2682282342712321,0.0796932457093292,0.19506647926694273,1
0.13568927487366264,0.025256756433101928,0.12029404275220838,1
0.12950586581327814,0.024077027794910135,0.11346622166598666,1
1.3756274828602866,0.046543054660606625,1.1398984557940042,1
0.6121043458198023,0.02985015055490226,0.3385155954115356,1
0.5530661464930038,0.07670327581847097,0.30393391794841934,1
0.49184052516370563,0.07822376836569347,0.17295588059722658,1
0.5585154361360455,0.16164879288494974,0.15570363164208892,1
0.5108826081111014,0.11763131685873478,0.09565102617676682,1
1.2324868734726429,0.1520978745843526,0.9470088352690248,1
0.18211141325933553,0.03866909297737688,0.1288631310679471,1
0.5689949467616341,0.1137893522383139,0.292523290805234,1
0.21391584890323145,0.028262502972185684,0.19209673268868369,1
0.31200694846558785,0.07585962709505897,0.21621244932761383,1
0.28403155076058906,0.06360681195949515,0.20436249244294108,1
0.24023935242145777,0.03985048787330109,0.20845537378004456,1
0.2692099371758247,0.04445437984517646,0.2252118725400388,1
0.3284814004571508,0.06338405396342776,0.21841380213459238,1
0.3269183834898137,0.10174949226262163,0.22394492273009795,1
0.36544860677910285,0.07318502138213537,0.1589943902032073,1
0.5250766514584362,0.20304163363115768,0.16925977977831275,1
0.30910154505022774,0.03349084571605437,0.1677312162374539,1
1.1556217575469057,0.15324954237224114,0.8703850656205242,1
0.5093656478189685,0.08612053842325584,0.27702934972915283,1
0.26642456641474976,0.04904276922686595,0.1930909470839567,1
0.2985690229135748,0.047579007643125976,0.219440160527685,1
0.27886537123311717,0.062453012128726816,0.20662262785061744,1
0.2905544553980099,0.05403863906144409,0.228263618846639,1
0.31178705519982386,0.052014767788597836,0.24479918655965924,1
0.45882275760939,0.1626264949895139,0.05677489074349169,1
0.49689202958903983,0.03758791515034589,0.2066129536530511,1
0.395507013159378,0.09446071603619331,0.1693498689907472,1
0.5746616346539704,0.0367000342988938,0.23272988609730572,1
0.5741656281434849,0.10480439835150683,0.04847892374538095,1
0.28027125147516385,0.05510683930046834,0.21855712488759924,1
0.39765542949790006,0.06995567281412648,0.1750488191032284,1
0.27399357176885586,0.046850292634975005,0.2190510369754523,1
0.26917613173755417,0.05239996144949385,0.21409304580025082,1
0.24164848967920274,0.04163347967218723,0.20299867278144823,1
0.28529737980737185,0.06499243334436708,0.21190175140092576,1
0.29144943146858476,0.05100186480700109,0.2189475698732498,1
0.2993028622454154,0.07923364438392322,0.22851524611274587,1
0.359137584673957,0.07494582590224538,0.1518794827781796,1
0.2797128734624123,0.05623891305732983,0.21460322269201174,1
0.2652946327640267,0.055805721853616194,0.21107657164260143,1
0.26460318458900217,0.031543263482022604,0.23135428093113364,1
0.33215717424692165,0.06427987875405625,0.20842882392579562,1
0.3108128630036294,0.08674253601788671,0.1993594663637218,1
0.405357594691552,0.09568445723779473,0.11807745408437617,1
0.3941556030460127,0.04882119509603059,0.14925992834964022,1
2.0229221412348752,0.0933682404482368,1.6984861502968802,1
0.12981359343002213,0.03290746657145337,0.09937843220819985,1
0.12719409351476246,0.025799010137097057,0.11159110203913113,1
0.13588207825500265,0.031358568296240535,0.11361154924671622,1
0.3186451439783018,0.094986135657373,0.22268988581090113,1
0.14042051362193178,0.027542826247181785,0.12214157728864959,1
0.3388476812372394,0.11693124213091244,0.09357924515015331,1
0.11676003706540186,0.02338843269660889,0.10417612737422724,1
0.08534082650793128,0.02007616770956279,0.07395416415863888,1
0.11481538822848711,0.030333414937337832,0.08941536919140385,1
0.31824810284015514,0.06868935086110461,0.17037357380469198,1
0.1334950942471745,0.034692896924492456,0.10532016812162905,1
0.15615740402275305,0.03359187540768496,0.13144361068741947,1
0.08428148819134118,0.014319802216517645,0.07889156893197201,1
0.14828500094914446,0.02907445261488063,0.12823166625428642,1
0.32664408938521206,0.1027936604214721,0.2148432835317647,1
0.14182232080634988,0.028777668587842926,0.12276510298493629,1
0.053474491841069845,0.007589229513251457,0.05056314338967966,1
0.13123660566324075,0.03349453811973616,0.10191902472134633,1
0.16531836507153153,0.0491650555066336,0.11571014203059564,1
0.140381661243584,0.04573702340829092,0.09542526622464395,1
0.10264750733879281,0.025076932559684018,0.08192874782668551,1
0.12669552910133455,0.03161118700869234,0.09978371080472707,1
0.12823520257689053,0.032551914369270775,0.09869405988018821,1
0.11298064559115194,0.0221433860203298,0.10065784170330212,1
0.15947633936737982,0.03672152342886991,0.13061302976211592,1
0.33411924248676,0.10656965937940481,0.21541068281853384,1
0.14927924196471765,0.030135471766740272,0.12889375131696731,1
0.2379300584100364,0.05548440866384387,0.19358077038383842,1
0.2768811844205737,0.02202012436086901,0.1531861670008698,1
0.11535463987686323,0.02984075633943959,0.09015033976123392,1
0.12471599148731283,0.031604901053300084,0.09674757093406958,1
0.08810289376441126,0.02149169967838353,0.07357906066884136,1
0.1368774793594346,0.03682621655114488,0.10392226341153336,1
0.09417940351647654,0.019681516083612342,0.08141939528610477,1
0.36086116793691403,0.027212139293781284,0.11638233243598643,1
0.1286852894399422,0.02509936540200694,0.11281491654443819,1
0.1708524961651054,0.0418774799066499,0.137099106621952,1
0.14880745665091202,0.037571362389649664,0.11792988196896348,1
0.0899088181530085,0.01562577179396684,0.08406888402890295,1
0.10761771953659062,0.028066172163265866,0.0847841932864368,1
0.12715229903998307,0.031487910896524515,0.0977493593492039,1
0.11855574030239657,0.027473035337196895,0.09771865416822191,1
0.14078399892207347,0.03741851052832794,0.10620997391562907,1
0.325947779682974,0.08547187386858124,0.2262386625011866,1
0.14120982390353215,0.027015077456831682,0.12398246913223807,1
0.14705727082662196,0.029748250663821755,0.12723442099381138,1
0.10640185613443505,0.019954455362371382,0.09756585120651115,1
0.10038140378318582,0.02474513729206735,0.08010446712491436,1
0.104905677081936,0.023964092129616123,0.08432335725214204,1
0.1214899767455464,0.02999276951383462,0.09491991811870036,1
0.08306099766676783,0.01841878817307011,0.07382846245376605,1
0.13119776371266284,0.02440962869355705,0.11704424856799532,1
0.29290685175400955,0.07136344611087202,0.2260256269004544,1
0.41306400280794325,0.11304278423617167,0.1506127015945963,1
0.35876295408058445,0.06693896829807126,0.2546140135457302,1
0.0689171906155461,0.011686194144644122,0.06452047342242803,1
0.13776552401230682,0.037130817770301805,0.10382876614990885,1
0.12774716573774744,0.03179943825042568,0.1013695900957897,1
0.09351516556922274,0.022584407597809726,0.08038044508153536,1
0.12163173359910573,0.03104975620799301,0.0941714120773024,1
0.10557253081544053,0.023630222606661793,0.08543865956190552,1
0.13736312241269852,0.04061957434196343,0.0992589311454167,1
0.14039354458991876,0.028295509158520925,0.12187515016352456,1
0.14979465066223416,0.03022593605493888,0.12958529028490684,1
0.06379948923672603,0.009924688626954758,0.06026951780256533,1
0.12791258498260136,0.022804448501081803,0.11379633688101104,1
0.3017443115461474,0.09462137751919757,0.2087772142655332,1
0.13067109786923017,0.025581820538470412,0.11439697921647139,1
0.3179703999095294,0.10919462086343731,0.07443366694350802,1
0.1080427621857708,0.019711620682611706,0.09906680150734752,1
0.10163816223817168,0.028039594046831918,0.0831568559350767,1
0.08618090012823049,0.021585070146229936,0.07231155165501726,1
0.12073130049508699,0.028613422131123115,0.09825580207170581,1
0.09751496588331882,0.020853321658461276,0.08058270932673685,1
0.1303125214635339,0.03327888538534111,0.10126226802445747,1
0.14476337627615635,0.027776486525487483,0.1258138834229911,1
0.17595789679654314,0.0447854220245859,0.1381650184608529,1
0.13043456222830557,0.026120288510857823,0.11418168139799581,1
0.09772222205919036,0.017062568802868494,0.09127601148485318,1
0.2032867060761735,0.03538373285089082,0.15839942234028445,1
0.3828083614369597,0.09150145051309641,0.14556356737289303,1
0.6163973516240254,0.0698450321134001,0.31987894026064745,1
0.24548413992409335,0.09527921894411558,0.11571946000189666,1
0.3669194897871653,0.08794961807033201,0.09391791198230513,1
0.5002963946953094,0.056881783569774906,0.23667861243938848,1
1.1953707571872723,0.0933160906210007,0.9415587474473024,1
0.10867106923970671,0.02831902953795771,0.0870125206187897,1
0.09546197250220452,0.017071667447227174,0.08891216655535171,1
0.15007028170891082,0.04273925169372201,0.1104168936610068,1
0.31133349201096017,0.07719189335033157,0.20853946821111982,1
0.11119793626468977,0.017851037238492705,0.10434399625174978,1
0.1255017967504507,0.022306869698303013,0.11176458295851162,1
0.4433657081265792,0.03693453736383978,0.09978456311904943,1
0.47077819167548984,0.01801775351530833,0.28322561253182216,1
0.2812735478115517,0.05823300177149463,0.21552774734293234,1
0.28334050665863925,0.04840937515376903,0.22220787813005013,1
0.33138114048210743,0.06616524901190163,0.2301704053997226,1
0.2831957676675736,0.08303024310497137,0.20869948424267185,1
0.132892088046722,0.023311284069798488,0.11790639000786975,1
0.3887741915063797,0.10102140714813596,0.13198332620266887,1
0.434895555191321,0.036067390060628354,0.12877951657804082,1
1.1666798617636258,0.08887497567603722,0.8932476054647064,1
0.10499407708290742,0.021117834183898627,0.09405731212829431,1
0.359592541560358,0.0803035611494334,0.21827150679324273,1
0.14068248071860126,0.029720091323002972,0.12274601646587537,1
0.11164550729658301,0.01883132779958775,0.10064878997671717,1
0.5014227574163959,0.02942472605633005,0.18476533325403166,1
0.3706089453523664,0.040344818545820664,0.018862696266655533,1
0.6386664044557934,0.08451162715282343,0.26643151357068046,1
0.5120529237398276,0.10567874730042813,0.22880555661475888,1
0.9310238239187804,0.0720253223468944,0.4971741739009117,1
0.13935269611320505,0.026272037891398804,0.12252277147591073,1
0.31421708544790344,0.07068260636251616,0.19435649241872469,1
0.13932896434598735,0.03723592151868363,0.10677273665642957,1
0.29019256759811807,0.04857088561553394,0.2301443842897936,1
0.28629570988029057,0.039137626187546716,0.22869186977937167,1
0.24150409752275204,0.09307635349062605,0.13028826723478928,1
0.24961813584743867,0.04190582102328714,0.20283145879946632,1
0.1189403960612514,0.020748677158126772,0.1085241818982164,1
0.13436430895754448,0.02660571735333705,0.1196017034772546,1
0.11952280672480667,0.022578044063574658,0.10669923159516922,1
0.43861554170740186,0.08087241474247384,0.17589888597875125,1
0.17499123271338973,0.05488502195816183,0.12048694475248564,1
0.28074849515958655,0.02058087802938349,0.24308130360343608,1
0.2587036252369145,0.06097749093428305,0.19556216002588167,1
0.3433749784155299,0.06540388423426469,0.22345050588589693,1
0.33483654349110215,0.10076809874684985,0.23415657992175992,1
0.12484475291306929,0.023043229920662423,0.10999425519176029,1
0.3635112424725704,0.08180215233113766,0.0674497772791013,1
0.11435206541838872,0.0278088301504561,0.09324018654678772,1
0.2700399596889465,0.03370456588813284,0.22899307608676814,1
0.2954632125161536,0.04077671807184208,0.23361601549681002,1
0.12024298326795706,0.02896522497549751,0.102578168252198,1
0.1325099165374982,0.025629388974959616,0.1170056675864749,1
0.3011421830805177,0.08845332790896097,0.20646507425161303,1
0.10790648049102096,0.016145345099205167,0.10180571457990568,1
0.1371451517674009,0.025797761207491218,0.12156285542295116,1
0.500605425570057,0.025629792972811007,0.11550428819747934,1
0.2762523037275462,0.0454593799041353,0.20131185801721346,1
0.5352871810285846,0.07785034661192007,0.3278359672313352,1
0.3813904163733662,0.10536269030045704,0.19744222548311507,1
0.30850267326303416,0.07550440888484479,0.23043618815934186,1
0.13327091376516326,0.024132723008306222,0.11907623437348047,1
0.3500566368829472,0.07294429828713771,0.22686728656634983,1
0.2780680641844018,0.06526239537553866,0.21155315441050207,1
0.2953104794921883,0.03481730744283634,0.2438512166907653,1
0.300349927990078,0.11822850653964805,0.14624379181547706,1
0.4756673309209467,0.06580845037297532,0.26754846504590213,1
0.3178128832341239,0.06610068521756833,0.11402867513119451,1
0.4751246694535086,0.20877354542606075,0.08786425336067757,1
0.2896502658648826,0.04844947385201983,0.21696635975523293,1
0.31702248521349885,0.07364875970906844,0.2162350224994074,1
0.2613335067680814,0.02088890470837807,0.23234726923424678,1
0.30926818780559623,0.05845193489921111,0.2240528722094925,1
0.2923713981243555,0.0653334841270414,0.2168969358173467,1
0.14390552095805997,0.029107734179473512,0.12633066448048147,1
0.2984794531168529,0.053278628939937935,0.23007251479994134,1
0.3904097222686152,0.07427618043371452,0.24644010341394004,1
0.2578528230728597,0.02622098674341331,0.22720227601763804,1
0.3751777565712697,0.11715256735309391,0.21126313972107302,1
0.30186875911686445,0.05712643263705571,0.22773780572188804,1
0.30206033011483635,0.07797351913008495,0.23553916091382282,1
0.15151581718355997,0.033171523983909885,0.12874039536939202,1
0.27569827819522247,0.08893032559632466,0.18791360716374447,1
0.3602074492444756,0.08423875879571234,0.13280985293768524,1
0.46298141840270396,0.04529684477821192,0.10474595343151567,1
0.35181034491698254,0.074929397490366,0.07860407246720658,1
0.4649439363196657,0.11421248469600609,0.17745429489211562,1
0.2880622956950418,0.03289760072242862,0.21480616230032715,1
0.3148481970634191,0.04979022641606404,0.23540383100758927,1
0.3012715938843322,0.04381374893607584,0.2325630637834399,1
0.27052735344712364,0.043160830841828,0.22282729385558175,1
0.407621301039511,0.10029103915952958,0.23568647992726335,1
0.325592233460814,0.07183525861722798,0.2373072424275641,1
0.13326230978783662,0.027458519236413834,0.11908198237728003,1
0.3186007793992301,0.06761295146439882,0.23425603763836603,1
0.2895023402967082,0.05130368709614509,0.2270835982276466,1
0.2356172327860664,0.026884882355873774,0.20709209218450317,1
0.26871450391487617,0.07752249881606882,0.16604565989266862,1
0.4675227103412498,0.0724975936352758,0.2270838737126783,1
0.5260250206607153,0.0742972994937586,0.14164801214430225,1
0.1460072247218538,0.028955321355792586,0.12835108001441742,1
0.40402027416143516,0.08175810943384922,0.18845265983747617,1
0.421277550006433,0.11147145629988736,0.17378660745587737,1
0.2587268249372752,0.04189395214296354,0.21600821160088624,1
0.25803195701529325,0.06147855136796432,0.19406996692520584,1
0.7367675756597154,0.11557123046479026,0.24946967110986257,1
0.3162938764749519,0.058220572630229075,0.17564568628982388,1
0.3182770155244973,0.09355058557801063,0.17394261104599298,1
0.5192538201060817,0.023889624158970803,0.2183102133152444,1
